<annotation>
	<folder>Train</folder>
	<filename>340.jpg</filename>
	<path>E:\Training_Data\Train\340.jpg</path>
	<source>
		<database>Unknown</database>
	</source>
	<size>
		<width>225</width>
		<height>225</height>
		<depth>3</depth>
	</size>
	<segmented>0</segmented>
	<object>
		<name>MiBand</name>
		<pose>Unspecified</pose>
		<truncated>1</truncated>
		<difficult>0</difficult>
		<bndbox>
			<xmin>119</xmin>
			<ymin>71</ymin>
			<xmax>225</xmax>
			<ymax>220</ymax>
		</bndbox>
	</object>
</annotation>
