<annotation>
	<folder>Train</folder>
	<filename>341.jpg</filename>
	<path>E:\Training_Data\Train\341.jpg</path>
	<source>
		<database>Unknown</database>
	</source>
	<size>
		<width>300</width>
		<height>168</height>
		<depth>3</depth>
	</size>
	<segmented>0</segmented>
	<object>
		<name>MiBand</name>
		<pose>Unspecified</pose>
		<truncated>1</truncated>
		<difficult>0</difficult>
		<bndbox>
			<xmin>78</xmin>
			<ymin>6</ymin>
			<xmax>300</xmax>
			<ymax>161</ymax>
		</bndbox>
	</object>
</annotation>
