<annotation>
	<folder>Train</folder>
	<filename>342.jpg</filename>
	<path>E:\Training_Data\Train\342.jpg</path>
	<source>
		<database>Unknown</database>
	</source>
	<size>
		<width>225</width>
		<height>225</height>
		<depth>3</depth>
	</size>
	<segmented>0</segmented>
	<object>
		<name>MiBand</name>
		<pose>Unspecified</pose>
		<truncated>1</truncated>
		<difficult>0</difficult>
		<bndbox>
			<xmin>34</xmin>
			<ymin>11</ymin>
			<xmax>185</xmax>
			<ymax>225</ymax>
		</bndbox>
	</object>
</annotation>
