<annotation>
	<folder>Train</folder>
	<filename>343.jpg</filename>
	<path>E:\Training_Data\Train\343.jpg</path>
	<source>
		<database>Unknown</database>
	</source>
	<size>
		<width>225</width>
		<height>225</height>
		<depth>3</depth>
	</size>
	<segmented>0</segmented>
	<object>
		<name>MiBand</name>
		<pose>Unspecified</pose>
		<truncated>0</truncated>
		<difficult>0</difficult>
		<bndbox>
			<xmin>40</xmin>
			<ymin>13</ymin>
			<xmax>203</xmax>
			<ymax>209</ymax>
		</bndbox>
	</object>
</annotation>
