<annotation>
	<folder>Train</folder>
	<filename>344.jpg</filename>
	<path>E:\Training_Data\Train\344.jpg</path>
	<source>
		<database>Unknown</database>
	</source>
	<size>
		<width>259</width>
		<height>194</height>
		<depth>3</depth>
	</size>
	<segmented>0</segmented>
	<object>
		<name>MiBand</name>
		<pose>Unspecified</pose>
		<truncated>0</truncated>
		<difficult>0</difficult>
		<bndbox>
			<xmin>31</xmin>
			<ymin>19</ymin>
			<xmax>237</xmax>
			<ymax>172</ymax>
		</bndbox>
	</object>
</annotation>
