<annotation>
	<folder>Train</folder>
	<filename>346.jpg</filename>
	<path>E:\Training_Data\Train\346.jpg</path>
	<source>
		<database>Unknown</database>
	</source>
	<size>
		<width>275</width>
		<height>183</height>
		<depth>3</depth>
	</size>
	<segmented>0</segmented>
	<object>
		<name>MiBand</name>
		<pose>Unspecified</pose>
		<truncated>0</truncated>
		<difficult>0</difficult>
		<bndbox>
			<xmin>92</xmin>
			<ymin>55</ymin>
			<xmax>181</xmax>
			<ymax>111</ymax>
		</bndbox>
	</object>
	<object>
		<name>MiBand</name>
		<pose>Unspecified</pose>
		<truncated>1</truncated>
		<difficult>0</difficult>
		<bndbox>
			<xmin>187</xmin>
			<ymin>102</ymin>
			<xmax>275</xmax>
			<ymax>151</ymax>
		</bndbox>
	</object>
	<object>
		<name>MiBand</name>
		<pose>Unspecified</pose>
		<truncated>0</truncated>
		<difficult>0</difficult>
		<bndbox>
			<xmin>150</xmin>
			<ymin>33</ymin>
			<xmax>222</xmax>
			<ymax>98</ymax>
		</bndbox>
	</object>
</annotation>
