<annotation>
	<folder>Train</folder>
	<filename>349.jpg</filename>
	<path>E:\Training_Data\Train\349.jpg</path>
	<source>
		<database>Unknown</database>
	</source>
	<size>
		<width>1250</width>
		<height>1250</height>
		<depth>3</depth>
	</size>
	<segmented>0</segmented>
	<object>
		<name>MiBand</name>
		<pose>Unspecified</pose>
		<truncated>0</truncated>
		<difficult>0</difficult>
		<bndbox>
			<xmin>448</xmin>
			<ymin>109</ymin>
			<xmax>1141</xmax>
			<ymax>1136</ymax>
		</bndbox>
	</object>
</annotation>
