<annotation>
	<folder>Train</folder>
	<filename>35.jpg</filename>
	<path>E:\Training_Data\Train\35.jpg</path>
	<source>
		<database>Unknown</database>
	</source>
	<size>
		<width>727</width>
		<height>454</height>
		<depth>3</depth>
	</size>
	<segmented>0</segmented>
	<object>
		<name>MiBand</name>
		<pose>Unspecified</pose>
		<truncated>0</truncated>
		<difficult>0</difficult>
		<bndbox>
			<xmin>241</xmin>
			<ymin>182</ymin>
			<xmax>463</xmax>
			<ymax>317</ymax>
		</bndbox>
	</object>
</annotation>
