<annotation>
	<folder>Train</folder>
	<filename>350.jpg</filename>
	<path>E:\Training_Data\Train\350.jpg</path>
	<source>
		<database>Unknown</database>
	</source>
	<size>
		<width>225</width>
		<height>225</height>
		<depth>1</depth>
	</size>
	<segmented>0</segmented>
	<object>
		<name>MiBand</name>
		<pose>Unspecified</pose>
		<truncated>0</truncated>
		<difficult>0</difficult>
		<bndbox>
			<xmin>32</xmin>
			<ymin>4</ymin>
			<xmax>190</xmax>
			<ymax>208</ymax>
		</bndbox>
	</object>
</annotation>
