<annotation>
	<folder>Train</folder>
	<filename>351.jpg</filename>
	<path>E:\Training_Data\Train\351.jpg</path>
	<source>
		<database>Unknown</database>
	</source>
	<size>
		<width>298</width>
		<height>169</height>
		<depth>3</depth>
	</size>
	<segmented>0</segmented>
	<object>
		<name>MiBand</name>
		<pose>Unspecified</pose>
		<truncated>0</truncated>
		<difficult>0</difficult>
		<bndbox>
			<xmin>127</xmin>
			<ymin>39</ymin>
			<xmax>172</xmax>
			<ymax>155</ymax>
		</bndbox>
	</object>
</annotation>
