<annotation>
	<folder>Train</folder>
	<filename>353.jpg</filename>
	<path>E:\Training_Data\Train\353.jpg</path>
	<source>
		<database>Unknown</database>
	</source>
	<size>
		<width>203</width>
		<height>249</height>
		<depth>3</depth>
	</size>
	<segmented>0</segmented>
	<object>
		<name>MiBand</name>
		<pose>Unspecified</pose>
		<truncated>0</truncated>
		<difficult>0</difficult>
		<bndbox>
			<xmin>5</xmin>
			<ymin>8</ymin>
			<xmax>202</xmax>
			<ymax>248</ymax>
		</bndbox>
	</object>
</annotation>
