<annotation>
	<folder>Train</folder>
	<filename>354.jpg</filename>
	<path>E:\Training_Data\Train\354.jpg</path>
	<source>
		<database>Unknown</database>
	</source>
	<size>
		<width>259</width>
		<height>194</height>
		<depth>3</depth>
	</size>
	<segmented>0</segmented>
	<object>
		<name>MiBand</name>
		<pose>Unspecified</pose>
		<truncated>0</truncated>
		<difficult>0</difficult>
		<bndbox>
			<xmin>77</xmin>
			<ymin>6</ymin>
			<xmax>234</xmax>
			<ymax>178</ymax>
		</bndbox>
	</object>
</annotation>
