<annotation>
	<folder>Train</folder>
	<filename>357.jpg</filename>
	<path>E:\Training_Data\Train\357.jpg</path>
	<source>
		<database>Unknown</database>
	</source>
	<size>
		<width>259</width>
		<height>194</height>
		<depth>3</depth>
	</size>
	<segmented>0</segmented>
	<object>
		<name>MiBand</name>
		<pose>Unspecified</pose>
		<truncated>0</truncated>
		<difficult>0</difficult>
		<bndbox>
			<xmin>100</xmin>
			<ymin>44</ymin>
			<xmax>139</xmax>
			<ymax>165</ymax>
		</bndbox>
	</object>
</annotation>
