<annotation verified="yes">
	<folder>Train</folder>
	<filename>361.jpg</filename>
	<path>E:\Training_Data\Train\361.jpg</path>
	<source>
		<database>Unknown</database>
	</source>
	<size>
		<width>225</width>
		<height>225</height>
		<depth>3</depth>
	</size>
	<segmented>0</segmented>
	<object>
		<name>MiBand</name>
		<pose>Unspecified</pose>
		<truncated>0</truncated>
		<difficult>0</difficult>
		<bndbox>
			<xmin>3</xmin>
			<ymin>10</ymin>
			<xmax>176</xmax>
			<ymax>201</ymax>
		</bndbox>
	</object>
</annotation>
