<annotation>
	<folder>Train</folder>
	<filename>362.jpg</filename>
	<path>E:\Training_Data\Train\362.jpg</path>
	<source>
		<database>Unknown</database>
	</source>
	<size>
		<width>260</width>
		<height>194</height>
		<depth>3</depth>
	</size>
	<segmented>0</segmented>
	<object>
		<name>MiBand</name>
		<pose>Unspecified</pose>
		<truncated>0</truncated>
		<difficult>0</difficult>
		<bndbox>
			<xmin>84</xmin>
			<ymin>29</ymin>
			<xmax>171</xmax>
			<ymax>173</ymax>
		</bndbox>
	</object>
</annotation>
