<annotation verified="yes">
	<folder>Train</folder>
	<filename>367.jpg</filename>
	<path>E:\Training_Data\Train\367.jpg</path>
	<source>
		<database>Unknown</database>
	</source>
	<size>
		<width>299</width>
		<height>168</height>
		<depth>1</depth>
	</size>
	<segmented>0</segmented>
	<object>
		<name>MiBand</name>
		<pose>Unspecified</pose>
		<truncated>1</truncated>
		<difficult>0</difficult>
		<bndbox>
			<xmin>51</xmin>
			<ymin>3</ymin>
			<xmax>222</xmax>
			<ymax>168</ymax>
		</bndbox>
	</object>
</annotation>
