<annotation verified="yes">
	<folder>Train</folder>
	<filename>369.jpg</filename>
	<path>E:\Training_Data\Train\369.jpg</path>
	<source>
		<database>Unknown</database>
	</source>
	<size>
		<width>225</width>
		<height>225</height>
		<depth>3</depth>
	</size>
	<segmented>0</segmented>
	<object>
		<name>MiBand</name>
		<pose>Unspecified</pose>
		<truncated>0</truncated>
		<difficult>0</difficult>
		<bndbox>
			<xmin>33</xmin>
			<ymin>4</ymin>
			<xmax>195</xmax>
			<ymax>214</ymax>
		</bndbox>
	</object>
</annotation>
