<annotation verified="yes">
	<folder>Train</folder>
	<filename>371.jpg</filename>
	<path>E:\Training_Data\Train\371.jpg</path>
	<source>
		<database>Unknown</database>
	</source>
	<size>
		<width>248</width>
		<height>203</height>
		<depth>3</depth>
	</size>
	<segmented>0</segmented>
	<object>
		<name>MiBand</name>
		<pose>Unspecified</pose>
		<truncated>0</truncated>
		<difficult>0</difficult>
		<bndbox>
			<xmin>55</xmin>
			<ymin>9</ymin>
			<xmax>244</xmax>
			<ymax>130</ymax>
		</bndbox>
	</object>
</annotation>
