<annotation verified="yes">
	<folder>Train</folder>
	<filename>372.jpg</filename>
	<path>E:\Training_Data\Train\372.jpg</path>
	<source>
		<database>Unknown</database>
	</source>
	<size>
		<width>1000</width>
		<height>666</height>
		<depth>3</depth>
	</size>
	<segmented>0</segmented>
	<object>
		<name>MiBand</name>
		<pose>Unspecified</pose>
		<truncated>0</truncated>
		<difficult>0</difficult>
		<bndbox>
			<xmin>383</xmin>
			<ymin>54</ymin>
			<xmax>716</xmax>
			<ymax>594</ymax>
		</bndbox>
	</object>
</annotation>
