<annotation verified="yes">
	<folder>Train</folder>
	<filename>373.jpg</filename>
	<path>E:\Training_Data\Train\373.jpg</path>
	<source>
		<database>Unknown</database>
	</source>
	<size>
		<width>1920</width>
		<height>1080</height>
		<depth>3</depth>
	</size>
	<segmented>0</segmented>
	<object>
		<name>MiBand</name>
		<pose>Unspecified</pose>
		<truncated>0</truncated>
		<difficult>0</difficult>
		<bndbox>
			<xmin>568</xmin>
			<ymin>674</ymin>
			<xmax>1564</xmax>
			<ymax>920</ymax>
		</bndbox>
	</object>
</annotation>
