<annotation verified="yes">
	<folder>Train</folder>
	<filename>375.jpg</filename>
	<path>E:\Training_Data\Train\375.jpg</path>
	<source>
		<database>Unknown</database>
	</source>
	<size>
		<width>300</width>
		<height>168</height>
		<depth>3</depth>
	</size>
	<segmented>0</segmented>
	<object>
		<name>MiBand</name>
		<pose>Unspecified</pose>
		<truncated>1</truncated>
		<difficult>0</difficult>
		<bndbox>
			<xmin>1</xmin>
			<ymin>12</ymin>
			<xmax>135</xmax>
			<ymax>168</ymax>
		</bndbox>
	</object>
</annotation>
