<annotation verified="yes">
	<folder>Train</folder>
	<filename>378.jpg</filename>
	<path>E:\Training_Data\Train\378.jpg</path>
	<source>
		<database>Unknown</database>
	</source>
	<size>
		<width>225</width>
		<height>225</height>
		<depth>3</depth>
	</size>
	<segmented>0</segmented>
	<object>
		<name>MiBand</name>
		<pose>Unspecified</pose>
		<truncated>0</truncated>
		<difficult>0</difficult>
		<bndbox>
			<xmin>47</xmin>
			<ymin>82</ymin>
			<xmax>119</xmax>
			<ymax>180</ymax>
		</bndbox>
	</object>
</annotation>
