<annotation verified="yes">
	<folder>Train</folder>
	<filename>379.jpg</filename>
	<path>E:\Training_Data\Train\379.jpg</path>
	<source>
		<database>Unknown</database>
	</source>
	<size>
		<width>275</width>
		<height>183</height>
		<depth>3</depth>
	</size>
	<segmented>0</segmented>
	<object>
		<name>MiBand</name>
		<pose>Unspecified</pose>
		<truncated>0</truncated>
		<difficult>0</difficult>
		<bndbox>
			<xmin>70</xmin>
			<ymin>87</ymin>
			<xmax>117</xmax>
			<ymax>149</ymax>
		</bndbox>
	</object>
</annotation>
