<annotation verified="yes">
	<folder>Train</folder>
	<filename>38.jpg</filename>
	<path>E:\Training_Data\Train\38.jpg</path>
	<source>
		<database>Unknown</database>
	</source>
	<size>
		<width>225</width>
		<height>225</height>
		<depth>3</depth>
	</size>
	<segmented>0</segmented>
	<object>
		<name>MiBand</name>
		<pose>Unspecified</pose>
		<truncated>0</truncated>
		<difficult>0</difficult>
		<bndbox>
			<xmin>20</xmin>
			<ymin>20</ymin>
			<xmax>111</xmax>
			<ymax>153</ymax>
		</bndbox>
	</object>
	<object>
		<name>MiBand</name>
		<pose>Unspecified</pose>
		<truncated>0</truncated>
		<difficult>0</difficult>
		<bndbox>
			<xmin>96</xmin>
			<ymin>33</ymin>
			<xmax>197</xmax>
			<ymax>158</ymax>
		</bndbox>
	</object>
</annotation>
