<annotation verified="yes">
	<folder>Train</folder>
	<filename>380.jpg</filename>
	<path>E:\Training_Data\Train\380.jpg</path>
	<source>
		<database>Unknown</database>
	</source>
	<size>
		<width>281</width>
		<height>179</height>
		<depth>3</depth>
	</size>
	<segmented>0</segmented>
	<object>
		<name>MiBand</name>
		<pose>Unspecified</pose>
		<truncated>1</truncated>
		<difficult>0</difficult>
		<bndbox>
			<xmin>20</xmin>
			<ymin>1</ymin>
			<xmax>222</xmax>
			<ymax>179</ymax>
		</bndbox>
	</object>
</annotation>
