<annotation verified="yes">
	<folder>Train</folder>
	<filename>381.jpg</filename>
	<path>E:\Training_Data\Train\381.jpg</path>
	<source>
		<database>Unknown</database>
	</source>
	<size>
		<width>198</width>
		<height>254</height>
		<depth>3</depth>
	</size>
	<segmented>0</segmented>
	<object>
		<name>MiBand</name>
		<pose>Unspecified</pose>
		<truncated>0</truncated>
		<difficult>0</difficult>
		<bndbox>
			<xmin>55</xmin>
			<ymin>43</ymin>
			<xmax>114</xmax>
			<ymax>127</ymax>
		</bndbox>
	</object>
	<object>
		<name>MiBand</name>
		<pose>Unspecified</pose>
		<truncated>0</truncated>
		<difficult>0</difficult>
		<bndbox>
			<xmin>120</xmin>
			<ymin>146</ymin>
			<xmax>180</xmax>
			<ymax>234</ymax>
		</bndbox>
	</object>
</annotation>
