<annotation verified="yes">
	<folder>Train</folder>
	<filename>382.jpg</filename>
	<path>E:\Training_Data\Train\382.jpg</path>
	<source>
		<database>Unknown</database>
	</source>
	<size>
		<width>285</width>
		<height>177</height>
		<depth>3</depth>
	</size>
	<segmented>0</segmented>
	<object>
		<name>MiBand</name>
		<pose>Unspecified</pose>
		<truncated>0</truncated>
		<difficult>0</difficult>
		<bndbox>
			<xmin>90</xmin>
			<ymin>34</ymin>
			<xmax>151</xmax>
			<ymax>155</ymax>
		</bndbox>
	</object>
</annotation>
