<annotation verified="yes">
	<folder>Train</folder>
	<filename>384.jpg</filename>
	<path>E:\Training_Data\Train\384.jpg</path>
	<source>
		<database>Unknown</database>
	</source>
	<size>
		<width>1000</width>
		<height>642</height>
		<depth>3</depth>
	</size>
	<segmented>0</segmented>
	<object>
		<name>MiBand</name>
		<pose>Unspecified</pose>
		<truncated>0</truncated>
		<difficult>0</difficult>
		<bndbox>
			<xmin>256</xmin>
			<ymin>72</ymin>
			<xmax>897</xmax>
			<ymax>392</ymax>
		</bndbox>
	</object>
</annotation>
