<annotation verified="yes">
	<folder>Train</folder>
	<filename>4.jpg</filename>
	<path>E:\Training_Data\Train\4.jpg</path>
	<source>
		<database>Unknown</database>
	</source>
	<size>
		<width>425</width>
		<height>425</height>
		<depth>3</depth>
	</size>
	<segmented>0</segmented>
	<object>
		<name>MiBand</name>
		<pose>Unspecified</pose>
		<truncated>0</truncated>
		<difficult>0</difficult>
		<bndbox>
			<xmin>53</xmin>
			<ymin>5</ymin>
			<xmax>386</xmax>
			<ymax>388</ymax>
		</bndbox>
	</object>
</annotation>
