<annotation verified="yes">
	<folder>Train</folder>
	<filename>41.jpg</filename>
	<path>E:\Training_Data\Train\41.jpg</path>
	<source>
		<database>Unknown</database>
	</source>
	<size>
		<width>301</width>
		<height>167</height>
		<depth>3</depth>
	</size>
	<segmented>0</segmented>
	<object>
		<name>MiBand</name>
		<pose>Unspecified</pose>
		<truncated>0</truncated>
		<difficult>0</difficult>
		<bndbox>
			<xmin>122</xmin>
			<ymin>23</ymin>
			<xmax>176</xmax>
			<ymax>162</ymax>
		</bndbox>
	</object>
</annotation>
