<annotation verified="yes">
	<folder>Train</folder>
	<filename>43.jpg</filename>
	<path>E:\Training_Data\Train\43.jpg</path>
	<source>
		<database>Unknown</database>
	</source>
	<size>
		<width>268</width>
		<height>188</height>
		<depth>3</depth>
	</size>
	<segmented>0</segmented>
	<object>
		<name>MiBand</name>
		<pose>Unspecified</pose>
		<truncated>0</truncated>
		<difficult>0</difficult>
		<bndbox>
			<xmin>86</xmin>
			<ymin>33</ymin>
			<xmax>124</xmax>
			<ymax>142</ymax>
		</bndbox>
	</object>
</annotation>
