<annotation verified="yes">
	<folder>Train</folder>
	<filename>44.jpg</filename>
	<path>E:\Training_Data\Train\44.jpg</path>
	<source>
		<database>Unknown</database>
	</source>
	<size>
		<width>400</width>
		<height>400</height>
		<depth>3</depth>
	</size>
	<segmented>0</segmented>
	<object>
		<name>MiBand</name>
		<pose>Unspecified</pose>
		<truncated>0</truncated>
		<difficult>0</difficult>
		<bndbox>
			<xmin>48</xmin>
			<ymin>189</ymin>
			<xmax>181</xmax>
			<ymax>399</ymax>
		</bndbox>
	</object>
	<object>
		<name>MiBand</name>
		<pose>Unspecified</pose>
		<truncated>0</truncated>
		<difficult>0</difficult>
		<bndbox>
			<xmin>123</xmin>
			<ymin>163</ymin>
			<xmax>208</xmax>
			<ymax>339</ymax>
		</bndbox>
	</object>
	<object>
		<name>MiBand</name>
		<pose>Unspecified</pose>
		<truncated>0</truncated>
		<difficult>0</difficult>
		<bndbox>
			<xmin>200</xmin>
			<ymin>152</ymin>
			<xmax>361</xmax>
			<ymax>345</ymax>
		</bndbox>
	</object>
</annotation>
