<annotation verified="yes">
	<folder>Train</folder>
	<filename>45.jpg</filename>
	<path>E:\Training_Data\Train\45.jpg</path>
	<source>
		<database>Unknown</database>
	</source>
	<size>
		<width>560</width>
		<height>560</height>
		<depth>3</depth>
	</size>
	<segmented>0</segmented>
	<object>
		<name>MiBand</name>
		<pose>Unspecified</pose>
		<truncated>0</truncated>
		<difficult>0</difficult>
		<bndbox>
			<xmin>79</xmin>
			<ymin>53</ymin>
			<xmax>293</xmax>
			<ymax>522</ymax>
		</bndbox>
	</object>
	<object>
		<name>MiBand</name>
		<pose>Unspecified</pose>
		<truncated>0</truncated>
		<difficult>0</difficult>
		<bndbox>
			<xmin>278</xmin>
			<ymin>68</ymin>
			<xmax>470</xmax>
			<ymax>503</ymax>
		</bndbox>
	</object>
</annotation>
