<annotation verified="yes">
	<folder>Train</folder>
	<filename>47.jpg</filename>
	<path>E:\Training_Data\Train\47.jpg</path>
	<source>
		<database>Unknown</database>
	</source>
	<size>
		<width>312</width>
		<height>162</height>
		<depth>3</depth>
	</size>
	<segmented>0</segmented>
	<object>
		<name>MiBand</name>
		<pose>Unspecified</pose>
		<truncated>1</truncated>
		<difficult>0</difficult>
		<bndbox>
			<xmin>93</xmin>
			<ymin>3</ymin>
			<xmax>217</xmax>
			<ymax>162</ymax>
		</bndbox>
	</object>
</annotation>
