<annotation verified="yes">
	<folder>Train</folder>
	<filename>49.jpg</filename>
	<path>E:\Training_Data\Train\49.jpg</path>
	<source>
		<database>Unknown</database>
	</source>
	<size>
		<width>300</width>
		<height>168</height>
		<depth>3</depth>
	</size>
	<segmented>0</segmented>
	<object>
		<name>MiBand</name>
		<pose>Unspecified</pose>
		<truncated>0</truncated>
		<difficult>0</difficult>
		<bndbox>
			<xmin>126</xmin>
			<ymin>36</ymin>
			<xmax>177</xmax>
			<ymax>133</ymax>
		</bndbox>
	</object>
</annotation>
