<annotation verified="yes">
	<folder>Train</folder>
	<filename>53.jpg</filename>
	<path>E:\Training_Data\Train\53.jpg</path>
	<source>
		<database>Unknown</database>
	</source>
	<size>
		<width>271</width>
		<height>186</height>
		<depth>3</depth>
	</size>
	<segmented>0</segmented>
	<object>
		<name>MiBand</name>
		<pose>Unspecified</pose>
		<truncated>1</truncated>
		<difficult>0</difficult>
		<bndbox>
			<xmin>43</xmin>
			<ymin>26</ymin>
			<xmax>104</xmax>
			<ymax>186</ymax>
		</bndbox>
	</object>
	<object>
		<name>MiBand</name>
		<pose>Unspecified</pose>
		<truncated>0</truncated>
		<difficult>0</difficult>
		<bndbox>
			<xmin>106</xmin>
			<ymin>5</ymin>
			<xmax>163</xmax>
			<ymax>158</ymax>
		</bndbox>
	</object>
	<object>
		<name>MiBand</name>
		<pose>Unspecified</pose>
		<truncated>0</truncated>
		<difficult>0</difficult>
		<bndbox>
			<xmin>166</xmin>
			<ymin>26</ymin>
			<xmax>221</xmax>
			<ymax>180</ymax>
		</bndbox>
	</object>
</annotation>
