<annotation verified="yes">
	<folder>Train</folder>
	<filename>55.jpg</filename>
	<path>E:\Training_Data\Train\55.jpg</path>
	<source>
		<database>Unknown</database>
	</source>
	<size>
		<width>225</width>
		<height>225</height>
		<depth>3</depth>
	</size>
	<segmented>0</segmented>
	<object>
		<name>MiBand</name>
		<pose>Unspecified</pose>
		<truncated>0</truncated>
		<difficult>0</difficult>
		<bndbox>
			<xmin>11</xmin>
			<ymin>14</ymin>
			<xmax>135</xmax>
			<ymax>211</ymax>
		</bndbox>
	</object>
</annotation>
