<annotation verified="yes">
	<folder>Train</folder>
	<filename>56.jpg</filename>
	<path>E:\Training_Data\Train\56.jpg</path>
	<source>
		<database>Unknown</database>
	</source>
	<size>
		<width>329</width>
		<height>153</height>
		<depth>3</depth>
	</size>
	<segmented>0</segmented>
	<object>
		<name>MiBand</name>
		<pose>Unspecified</pose>
		<truncated>0</truncated>
		<difficult>0</difficult>
		<bndbox>
			<xmin>130</xmin>
			<ymin>6</ymin>
			<xmax>227</xmax>
			<ymax>138</ymax>
		</bndbox>
	</object>
</annotation>
