<annotation verified="yes">
	<folder>Train</folder>
	<filename>58.jpg</filename>
	<path>E:\Training_Data\Train\58.jpg</path>
	<source>
		<database>Unknown</database>
	</source>
	<size>
		<width>194</width>
		<height>259</height>
		<depth>3</depth>
	</size>
	<segmented>0</segmented>
	<object>
		<name>MiBand</name>
		<pose>Unspecified</pose>
		<truncated>0</truncated>
		<difficult>0</difficult>
		<bndbox>
			<xmin>65</xmin>
			<ymin>46</ymin>
			<xmax>132</xmax>
			<ymax>121</ymax>
		</bndbox>
	</object>
</annotation>
