<annotation verified="yes">
	<folder>Train</folder>
	<filename>6.jpg</filename>
	<path>E:\Training_Data\Train\6.jpg</path>
	<source>
		<database>Unknown</database>
	</source>
	<size>
		<width>259</width>
		<height>194</height>
		<depth>3</depth>
	</size>
	<segmented>0</segmented>
	<object>
		<name>MiBand</name>
		<pose>Unspecified</pose>
		<truncated>0</truncated>
		<difficult>0</difficult>
		<bndbox>
			<xmin>111</xmin>
			<ymin>50</ymin>
			<xmax>148</xmax>
			<ymax>157</ymax>
		</bndbox>
	</object>
</annotation>
