<annotation verified="yes">
	<folder>Train</folder>
	<filename>61.jpg</filename>
	<path>E:\Training_Data\Train\61.jpg</path>
	<source>
		<database>Unknown</database>
	</source>
	<size>
		<width>161</width>
		<height>312</height>
		<depth>3</depth>
	</size>
	<segmented>0</segmented>
	<object>
		<name>MiBand</name>
		<pose>Unspecified</pose>
		<truncated>0</truncated>
		<difficult>0</difficult>
		<bndbox>
			<xmin>32</xmin>
			<ymin>11</ymin>
			<xmax>154</xmax>
			<ymax>299</ymax>
		</bndbox>
	</object>
</annotation>
