<annotation verified="yes">
	<folder>Train</folder>
	<filename>65.jpg</filename>
	<path>E:\Training_Data\Train\65.jpg</path>
	<source>
		<database>Unknown</database>
	</source>
	<size>
		<width>199</width>
		<height>253</height>
		<depth>3</depth>
	</size>
	<segmented>0</segmented>
	<object>
		<name>MiBand</name>
		<pose>Unspecified</pose>
		<truncated>0</truncated>
		<difficult>0</difficult>
		<bndbox>
			<xmin>23</xmin>
			<ymin>30</ymin>
			<xmax>175</xmax>
			<ymax>244</ymax>
		</bndbox>
	</object>
</annotation>
