<annotation verified="yes">
	<folder>Train</folder>
	<filename>66.jpg</filename>
	<path>E:\Training_Data\Train\66.jpg</path>
	<source>
		<database>Unknown</database>
	</source>
	<size>
		<width>225</width>
		<height>225</height>
		<depth>3</depth>
	</size>
	<segmented>0</segmented>
	<object>
		<name>MiBand</name>
		<pose>Unspecified</pose>
		<truncated>0</truncated>
		<difficult>0</difficult>
		<bndbox>
			<xmin>42</xmin>
			<ymin>5</ymin>
			<xmax>186</xmax>
			<ymax>217</ymax>
		</bndbox>
	</object>
</annotation>
