<annotation verified="yes">
	<folder>Train</folder>
	<filename>67.jpg</filename>
	<path>E:\Training_Data\Train\67.jpg</path>
	<source>
		<database>Unknown</database>
	</source>
	<size>
		<width>920</width>
		<height>518</height>
		<depth>3</depth>
	</size>
	<segmented>0</segmented>
	<object>
		<name>MiBand</name>
		<pose>Unspecified</pose>
		<truncated>0</truncated>
		<difficult>0</difficult>
		<bndbox>
			<xmin>298</xmin>
			<ymin>32</ymin>
			<xmax>547</xmax>
			<ymax>473</ymax>
		</bndbox>
	</object>
</annotation>
