<annotation verified="yes">
	<folder>Train</folder>
	<filename>7.jpg</filename>
	<path>E:\Training_Data\Train\7.jpg</path>
	<source>
		<database>Unknown</database>
	</source>
	<size>
		<width>308</width>
		<height>164</height>
		<depth>3</depth>
	</size>
	<segmented>0</segmented>
	<object>
		<name>MiBand</name>
		<pose>Unspecified</pose>
		<truncated>1</truncated>
		<difficult>0</difficult>
		<bndbox>
			<xmin>6</xmin>
			<ymin>1</ymin>
			<xmax>82</xmax>
			<ymax>163</ymax>
		</bndbox>
	</object>
	<object>
		<name>MiBand</name>
		<pose>Unspecified</pose>
		<truncated>1</truncated>
		<difficult>0</difficult>
		<bndbox>
			<xmin>232</xmin>
			<ymin>3</ymin>
			<xmax>308</xmax>
			<ymax>161</ymax>
		</bndbox>
	</object>
</annotation>
