<annotation verified="yes">
	<folder>Train</folder>
	<filename>70.jpg</filename>
	<path>E:\Training_Data\Train\70.jpg</path>
	<source>
		<database>Unknown</database>
	</source>
	<size>
		<width>800</width>
		<height>800</height>
		<depth>3</depth>
	</size>
	<segmented>0</segmented>
	<object>
		<name>MiBand</name>
		<pose>Unspecified</pose>
		<truncated>0</truncated>
		<difficult>0</difficult>
		<bndbox>
			<xmin>265</xmin>
			<ymin>228</ymin>
			<xmax>585</xmax>
			<ymax>600</ymax>
		</bndbox>
	</object>
</annotation>
