<annotation verified="yes">
	<folder>Train</folder>
	<filename>72.jpg</filename>
	<path>E:\Training_Data\Train\72.jpg</path>
	<source>
		<database>Unknown</database>
	</source>
	<size>
		<width>1200</width>
		<height>900</height>
		<depth>3</depth>
	</size>
	<segmented>0</segmented>
	<object>
		<name>MiBand</name>
		<pose>Unspecified</pose>
		<truncated>0</truncated>
		<difficult>0</difficult>
		<bndbox>
			<xmin>522</xmin>
			<ymin>249</ymin>
			<xmax>673</xmax>
			<ymax>714</ymax>
		</bndbox>
	</object>
</annotation>
