<annotation verified="yes">
	<folder>Train</folder>
	<filename>74.jpg</filename>
	<path>E:\Training_Data\Train\74.jpg</path>
	<source>
		<database>Unknown</database>
	</source>
	<size>
		<width>810</width>
		<height>298</height>
		<depth>3</depth>
	</size>
	<segmented>0</segmented>
	<object>
		<name>MiBand</name>
		<pose>Unspecified</pose>
		<truncated>0</truncated>
		<difficult>0</difficult>
		<bndbox>
			<xmin>405</xmin>
			<ymin>61</ymin>
			<xmax>473</xmax>
			<ymax>286</ymax>
		</bndbox>
	</object>
</annotation>
