<annotation verified="yes">
	<folder>Train</folder>
	<filename>75.jpg</filename>
	<path>E:\Training_Data\Train\75.jpg</path>
	<source>
		<database>Unknown</database>
	</source>
	<size>
		<width>1200</width>
		<height>900</height>
		<depth>3</depth>
	</size>
	<segmented>0</segmented>
	<object>
		<name>MiBand</name>
		<pose>Unspecified</pose>
		<truncated>0</truncated>
		<difficult>0</difficult>
		<bndbox>
			<xmin>594</xmin>
			<ymin>323</ymin>
			<xmax>718</xmax>
			<ymax>666</ymax>
		</bndbox>
	</object>
</annotation>
