<annotation verified="yes">
	<folder>Train</folder>
	<filename>76.jpg</filename>
	<path>E:\Training_Data\Train\76.jpg</path>
	<source>
		<database>Unknown</database>
	</source>
	<size>
		<width>1024</width>
		<height>768</height>
		<depth>3</depth>
	</size>
	<segmented>0</segmented>
	<object>
		<name>MiBand</name>
		<pose>Unspecified</pose>
		<truncated>0</truncated>
		<difficult>0</difficult>
		<bndbox>
			<xmin>381</xmin>
			<ymin>179</ymin>
			<xmax>571</xmax>
			<ymax>692</ymax>
		</bndbox>
	</object>
</annotation>
