<annotation verified="yes">
	<folder>Train</folder>
	<filename>77.jpg</filename>
	<path>E:\Training_Data\Train\77.jpg</path>
	<source>
		<database>Unknown</database>
	</source>
	<size>
		<width>240</width>
		<height>320</height>
		<depth>3</depth>
	</size>
	<segmented>0</segmented>
	<object>
		<name>MiBand</name>
		<pose>Unspecified</pose>
		<truncated>0</truncated>
		<difficult>0</difficult>
		<bndbox>
			<xmin>4</xmin>
			<ymin>7</ymin>
			<xmax>228</xmax>
			<ymax>312</ymax>
		</bndbox>
	</object>
</annotation>
