<annotation verified="yes">
	<folder>Train</folder>
	<filename>78.jpg</filename>
	<path>E:\Training_Data\Train\78.jpg</path>
	<source>
		<database>Unknown</database>
	</source>
	<size>
		<width>1024</width>
		<height>555</height>
		<depth>3</depth>
	</size>
	<segmented>0</segmented>
	<object>
		<name>MiBand</name>
		<pose>Unspecified</pose>
		<truncated>0</truncated>
		<difficult>0</difficult>
		<bndbox>
			<xmin>353</xmin>
			<ymin>222</ymin>
			<xmax>455</xmax>
			<ymax>499</ymax>
		</bndbox>
	</object>
	<object>
		<name>MiBand</name>
		<pose>Unspecified</pose>
		<truncated>0</truncated>
		<difficult>0</difficult>
		<bndbox>
			<xmin>457</xmin>
			<ymin>261</ymin>
			<xmax>556</xmax>
			<ymax>540</ymax>
		</bndbox>
	</object>
	<object>
		<name>MiBand</name>
		<pose>Unspecified</pose>
		<truncated>0</truncated>
		<difficult>0</difficult>
		<bndbox>
			<xmin>560</xmin>
			<ymin>223</ymin>
			<xmax>668</xmax>
			<ymax>489</ymax>
		</bndbox>
	</object>
</annotation>
