<annotation verified="yes">
	<folder>Train</folder>
	<filename>79.jpg</filename>
	<path>E:\Training_Data\Train\79.jpg</path>
	<source>
		<database>Unknown</database>
	</source>
	<size>
		<width>983</width>
		<height>807</height>
		<depth>3</depth>
	</size>
	<segmented>0</segmented>
	<object>
		<name>MiBand</name>
		<pose>Unspecified</pose>
		<truncated>0</truncated>
		<difficult>0</difficult>
		<bndbox>
			<xmin>207</xmin>
			<ymin>48</ymin>
			<xmax>975</xmax>
			<ymax>511</ymax>
		</bndbox>
	</object>
</annotation>
