<annotation verified="yes">
	<folder>Train</folder>
	<filename>81.jpg</filename>
	<path>E:\Training_Data\Train\81.jpg</path>
	<source>
		<database>Unknown</database>
	</source>
	<size>
		<width>225</width>
		<height>225</height>
		<depth>3</depth>
	</size>
	<segmented>0</segmented>
	<object>
		<name>MiBand</name>
		<pose>Unspecified</pose>
		<truncated>1</truncated>
		<difficult>0</difficult>
		<bndbox>
			<xmin>97</xmin>
			<ymin>66</ymin>
			<xmax>225</xmax>
			<ymax>221</ymax>
		</bndbox>
	</object>
</annotation>
