<annotation verified="yes">
	<folder>Train</folder>
	<filename>82.jpg</filename>
	<path>E:\Training_Data\Train\82.jpg</path>
	<source>
		<database>Unknown</database>
	</source>
	<size>
		<width>6000</width>
		<height>2571</height>
		<depth>3</depth>
	</size>
	<segmented>0</segmented>
	<object>
		<name>MiBand</name>
		<pose>Unspecified</pose>
		<truncated>0</truncated>
		<difficult>0</difficult>
		<bndbox>
			<xmin>3178</xmin>
			<ymin>347</ymin>
			<xmax>4428</xmax>
			<ymax>2254</ymax>
		</bndbox>
	</object>
</annotation>
