<annotation verified="yes">
	<folder>Train</folder>
	<filename>83.jpg</filename>
	<path>E:\Training_Data\Train\83.jpg</path>
	<source>
		<database>Unknown</database>
	</source>
	<size>
		<width>480</width>
		<height>206</height>
		<depth>3</depth>
	</size>
	<segmented>0</segmented>
	<object>
		<name>MiBand</name>
		<pose>Unspecified</pose>
		<truncated>0</truncated>
		<difficult>0</difficult>
		<bndbox>
			<xmin>202</xmin>
			<ymin>8</ymin>
			<xmax>283</xmax>
			<ymax>188</ymax>
		</bndbox>
	</object>
</annotation>
