<annotation verified="yes">
	<folder>Train</folder>
	<filename>84.jpg</filename>
	<path>E:\Training_Data\Train\84.jpg</path>
	<source>
		<database>Unknown</database>
	</source>
	<size>
		<width>833</width>
		<height>625</height>
		<depth>3</depth>
	</size>
	<segmented>0</segmented>
	<object>
		<name>MiBand</name>
		<pose>Unspecified</pose>
		<truncated>0</truncated>
		<difficult>0</difficult>
		<bndbox>
			<xmin>359</xmin>
			<ymin>88</ymin>
			<xmax>513</xmax>
			<ymax>539</ymax>
		</bndbox>
	</object>
</annotation>
