<annotation verified="yes">
	<folder>Train</folder>
	<filename>86.jpg</filename>
	<path>E:\Training_Data\Train\86.jpg</path>
	<source>
		<database>Unknown</database>
	</source>
	<size>
		<width>1280</width>
		<height>720</height>
		<depth>3</depth>
	</size>
	<segmented>0</segmented>
	<object>
		<name>MiBand</name>
		<pose>Unspecified</pose>
		<truncated>0</truncated>
		<difficult>0</difficult>
		<bndbox>
			<xmin>206</xmin>
			<ymin>236</ymin>
			<xmax>727</xmax>
			<ymax>613</ymax>
		</bndbox>
	</object>
	<object>
		<name>MiBand</name>
		<pose>Unspecified</pose>
		<truncated>0</truncated>
		<difficult>0</difficult>
		<bndbox>
			<xmin>580</xmin>
			<ymin>384</ymin>
			<xmax>1126</xmax>
			<ymax>621</ymax>
		</bndbox>
	</object>
</annotation>
