<annotation verified="yes">
	<folder>Train</folder>
	<filename>91.jpg</filename>
	<path>E:\Training_Data\Train\91.jpg</path>
	<source>
		<database>Unknown</database>
	</source>
	<size>
		<width>1280</width>
		<height>720</height>
		<depth>3</depth>
	</size>
	<segmented>0</segmented>
	<object>
		<name>MiBand</name>
		<pose>Unspecified</pose>
		<truncated>0</truncated>
		<difficult>0</difficult>
		<bndbox>
			<xmin>206</xmin>
			<ymin>290</ymin>
			<xmax>726</xmax>
			<ymax>648</ymax>
		</bndbox>
	</object>
	<object>
		<name>MiBand</name>
		<pose>Unspecified</pose>
		<truncated>0</truncated>
		<difficult>0</difficult>
		<bndbox>
			<xmin>576</xmin>
			<ymin>425</ymin>
			<xmax>1106</xmax>
			<ymax>657</ymax>
		</bndbox>
	</object>
</annotation>
