<annotation verified="yes">
	<folder>Train</folder>
	<filename>92.jpg</filename>
	<path>E:\Training_Data\Train\92.jpg</path>
	<source>
		<database>Unknown</database>
	</source>
	<size>
		<width>1024</width>
		<height>1024</height>
		<depth>3</depth>
	</size>
	<segmented>0</segmented>
	<object>
		<name>MiBand</name>
		<pose>Unspecified</pose>
		<truncated>0</truncated>
		<difficult>0</difficult>
		<bndbox>
			<xmin>44</xmin>
			<ymin>177</ymin>
			<xmax>655</xmax>
			<ymax>1005</ymax>
		</bndbox>
	</object>
	<object>
		<name>MiBand</name>
		<pose>Unspecified</pose>
		<truncated>1</truncated>
		<difficult>0</difficult>
		<bndbox>
			<xmin>681</xmin>
			<ymin>150</ymin>
			<xmax>1024</xmax>
			<ymax>1005</ymax>
		</bndbox>
	</object>
</annotation>
