<annotation verified="yes">
	<folder>Train</folder>
	<filename>93.jpg</filename>
	<path>E:\Training_Data\Train\93.jpg</path>
	<source>
		<database>Unknown</database>
	</source>
	<size>
		<width>225</width>
		<height>225</height>
		<depth>3</depth>
	</size>
	<segmented>0</segmented>
	<object>
		<name>MiBand</name>
		<pose>Unspecified</pose>
		<truncated>0</truncated>
		<difficult>0</difficult>
		<bndbox>
			<xmin>139</xmin>
			<ymin>37</ymin>
			<xmax>199</xmax>
			<ymax>205</ymax>
		</bndbox>
	</object>
	<object>
		<name>MiBand</name>
		<pose>Unspecified</pose>
		<truncated>0</truncated>
		<difficult>0</difficult>
		<bndbox>
			<xmin>22</xmin>
			<ymin>34</ymin>
			<xmax>141</xmax>
			<ymax>205</ymax>
		</bndbox>
	</object>
</annotation>
