<annotation verified="yes">
	<folder>Train</folder>
	<filename>96.jpg</filename>
	<path>E:\Training_Data\Train\96.jpg</path>
	<source>
		<database>Unknown</database>
	</source>
	<size>
		<width>1280</width>
		<height>720</height>
		<depth>3</depth>
	</size>
	<segmented>0</segmented>
	<object>
		<name>MiBand</name>
		<pose>Unspecified</pose>
		<truncated>1</truncated>
		<difficult>0</difficult>
		<bndbox>
			<xmin>466</xmin>
			<ymin>1</ymin>
			<xmax>761</xmax>
			<ymax>600</ymax>
		</bndbox>
	</object>
</annotation>
