<annotation verified="yes">
	<folder>Train</folder>
	<filename>97.jpg</filename>
	<path>E:\Training_Data\Train\97.jpg</path>
	<source>
		<database>Unknown</database>
	</source>
	<size>
		<width>692</width>
		<height>579</height>
		<depth>3</depth>
	</size>
	<segmented>0</segmented>
	<object>
		<name>MiBand</name>
		<pose>Unspecified</pose>
		<truncated>0</truncated>
		<difficult>0</difficult>
		<bndbox>
			<xmin>372</xmin>
			<ymin>95</ymin>
			<xmax>593</xmax>
			<ymax>507</ymax>
		</bndbox>
	</object>
	<object>
		<name>MiBand</name>
		<pose>Unspecified</pose>
		<truncated>0</truncated>
		<difficult>0</difficult>
		<bndbox>
			<xmin>122</xmin>
			<ymin>44</ymin>
			<xmax>369</xmax>
			<ymax>472</ymax>
		</bndbox>
	</object>
</annotation>
