<annotation verified="yes">
	<folder>Train</folder>
	<filename>98.jpg</filename>
	<path>E:\Training_Data\Train\98.jpg</path>
	<source>
		<database>Unknown</database>
	</source>
	<size>
		<width>850</width>
		<height>850</height>
		<depth>3</depth>
	</size>
	<segmented>0</segmented>
	<object>
		<name>MiBand</name>
		<pose>Unspecified</pose>
		<truncated>0</truncated>
		<difficult>0</difficult>
		<bndbox>
			<xmin>211</xmin>
			<ymin>46</ymin>
			<xmax>665</xmax>
			<ymax>799</ymax>
		</bndbox>
	</object>
</annotation>
